Name,Code,Code description,Easting,Northing,Elevation,Description,Longitude,Latitude,Ellipsoidal height,Origin,Easting RMS,Northing RMS,Elevation RMS,Lateral RMS,Antenna height,Antenna height units,Solution status,Correction type,Averaging start,Averaging end,Samples,PDOP,GDOP,Base easting,Base northing,Base elevation,Base longitude,Base latitude,Base ellipsoidal height,Baseline,Mount point,CS name,GPS Satellites,GLONASS Satellites,Galileo Satellites,BeiDou Satellites,QZSS Satellites,Device type,Device serial number,Author
base,,,,,,,-106.83598667,40.47876887,2112.661,Global,0.173,0.149,0.430,0.228,0.694,m,SINGLE,RTK,2026-09-26 10:38:15.4 UTC-06:00,2026-09-26 10:38:25.4 UTC-06:00,51,1.2,1.5,,,,,,,,,Global CS,,,,,,Reach RS2,8243D61ABE0C1461,
base1,,,,,,,-106.83598667,40.47876887,2112.661,Global,,,,,,m,,,,,,,,,,,,,,,,Global CS,,,,,,,,
tunnel opening1,,,,,,,-106.83529370,40.47886269,2101.470,Global,0.469,0.448,1.111,0.648,0.694,m,SINGLE,RTK,2026-09-26 10:54:09.2 UTC-06:00,2026-09-26 10:54:19.2 UTC-06:00,51,1.8,2.1,,,,,,,,,Global CS,,,,,,Reach RS2,8243D61ABE0C1461,
1,,,,,,,-106.83561946,40.47897749,2108.982,Global,0.100,0.099,0.251,0.141,0.694,m,SINGLE,RTK,2026-09-26 13:51:58.0 UTC-06:00,2026-09-26 13:52:08.0 UTC-06:00,51,1.1,1.3,,,,,,,,,Global CS,,,,,,Reach RS2,8243D61ABE0C1461,
2,,,,,,,-106.83557495,40.47899323,2108.300,Global,0.100,0.095,0.233,0.138,0.694,m,SINGLE,RTK,2026-09-26 13:52:49.0 UTC-06:00,2026-09-26 13:52:59.0 UTC-06:00,51,1.1,1.3,,,,,,,,,Global CS,,,,,,Reach RS2,8243D61ABE0C1461,
3,,,,,,,-106.83557173,40.47897512,2108.613,Global,0.102,0.095,0.243,0.139,0.694,m,SINGLE,RTK,2026-09-26 13:53:15.2 UTC-06:00,2026-09-26 13:53:25.2 UTC-06:00,51,1.1,1.3,,,,,,,,,Global CS,,,,,,Reach RS2,8243D61ABE0C1461,
4,,,,,,,-106.83556760,40.47895809,2108.896,Global,0.100,0.093,0.235,0.136,0.694,m,SINGLE,RTK,2026-09-26 13:53:41.6 UTC-06:00,2026-09-26 13:53:51.6 UTC-06:00,51,1.1,1.3,,,,,,,,,Global CS,,,,,,Reach RS2,8243D61ABE0C1461,
5,,,,,,,-106.83556233,40.47893989,2109.218,Global,0.101,0.099,0.248,0.141,0.694,m,SINGLE,RTK,2026-09-26 13:54:03.2 UTC-06:00,2026-09-26 13:54:13.2 UTC-06:00,51,1.1,1.3,,,,,,,,,Global CS,,,,,,Reach RS2,8243D61ABE0C1461,
6,,,,,,,-106.83555486,40.47892358,2108.678,Global,0.113,0.116,0.312,0.162,0.694,m,SINGLE,RTK,2026-09-26 13:54:40.2 UTC-06:00,2026-09-26 13:54:50.2 UTC-06:00,51,1.1,1.3,,,,,,,,,Global CS,,,,,,Reach RS2,8243D61ABE0C1461,
7,,,,,,,-106.83551656,40.47880202,2111.395,Global,0.111,0.097,0.254,0.148,0.694,m,SINGLE,RTK,2026-09-26 14:15:20.2 UTC-06:00,2026-09-26 14:15:30.2 UTC-06:00,51,1.0,1.2,,,,,,,,,Global CS,,,,,,Reach RS2,8243D61ABE0C1461,
